<linker>
	<assembly fullname="Assembly-CSharp" ignoreIfMissing="1">
		<type fullname="TitleScreen">
			<method name="LoadLevel"/>
			<method name="LoadLevel"/>
			<method name="LoadLevel"/>
			<method name="LoadLevel"/>
			<method name="LoadLevel"/>
			<method name="LoadLevel"/>
			<method name="LoadLevel"/>
		</type>
	</assembly>
	<assembly fullname="Unity.RenderPipelines.Core.Runtime" ignoreIfMissing="1">
		<type fullname="UnityEngine.Rendering.UI.DebugUIHandlerIntField">
			<method name="OnDecrement"/>
			<method name="OnDecrement"/>
			<method name="OnIncrement"/>
			<method name="OnIncrement"/>
		</type>
		<type fullname="UnityEngine.Rendering.UI.DebugUIHandlerObjectPopupField">
			<method name="OnDecrement"/>
			<method name="OnIncrement"/>
		</type>
		<type fullname="UnityEngine.Rendering.UI.DebugUIHandlerPanel">
			<method name="OnScrollbarClicked"/>
			<method name="OnScrollbarClicked"/>
			<method name="ResetDebugManager"/>
		</type>
		<type fullname="UnityEngine.Rendering.UI.DebugUIHandlerUIntField">
			<method name="OnDecrement"/>
			<method name="OnDecrement"/>
			<method name="OnIncrement"/>
			<method name="OnIncrement"/>
		</type>
	</assembly>
</linker>
