<linker>
	<assembly fullname="Unity.RenderPipelines.Core.Runtime">
		<type fullname="UnityEngine.Rendering.UI.DebugUIPrefabBundle" preserve="nothing" serialized="true"/>
	</assembly>
	<assembly fullname="Unity.RenderPipelines.Universal.Runtime">
		<type fullname="UnityEngine.Rendering.Universal.Light2DBlendStyle" preserve="nothing" serialized="true"/>
		<type fullname="UnityEngine.Rendering.Universal.PostProcessData/ShaderResources" preserve="nothing" serialized="true"/>
		<type fullname="UnityEngine.Rendering.Universal.PostProcessData/TextureResources" preserve="nothing" serialized="true"/>
		<type fullname="UnityEngine.Rendering.Universal.ScriptableRendererData/DebugShaderResources" preserve="nothing" serialized="true"/>
		<type fullname="UnityEngine.Rendering.Universal.TemporalAA/Settings" preserve="nothing" serialized="true"/>
		<type fullname="UnityEngine.Rendering.Universal.UniversalRenderPipelineAsset/TextureResources" preserve="nothing" serialized="true"/>
	</assembly>
	<assembly fullname="Unity.TextMeshPro">
		<type fullname="TMPro.FaceInfo_Legacy" preserve="nothing" serialized="true"/>
		<type fullname="TMPro.FontAssetCreationSettings" preserve="nothing" serialized="true"/>
		<type fullname="TMPro.KerningTable" preserve="nothing" serialized="true"/>
		<type fullname="TMPro.TMP_Character" preserve="nothing" serialized="true"/>
		<type fullname="TMPro.TMP_FontFeatureTable" preserve="nothing" serialized="true"/>
		<type fullname="TMPro.TMP_FontWeightPair" preserve="nothing" serialized="true"/>
		<type fullname="TMPro.TMP_GlyphAdjustmentRecord" preserve="nothing" serialized="true"/>
		<type fullname="TMPro.TMP_GlyphPairAdjustmentRecord" preserve="nothing" serialized="true"/>
		<type fullname="TMPro.TMP_GlyphValueRecord" preserve="nothing" serialized="true"/>
		<type fullname="TMPro.TMP_Sprite" preserve="nothing" serialized="true"/>
		<type fullname="TMPro.TMP_SpriteCharacter" preserve="nothing" serialized="true"/>
		<type fullname="TMPro.TMP_SpriteGlyph" preserve="nothing" serialized="true"/>
		<type fullname="TMPro.TMP_Style" preserve="nothing" serialized="true"/>
		<type fullname="TMPro.VertexGradient" preserve="nothing" serialized="true"/>
	</assembly>
	<assembly fullname="UnityEngine.CoreModule">
		<type fullname="UnityEngine.Events.ArgumentCache" preserve="nothing" serialized="true"/>
		<type fullname="UnityEngine.Events.PersistentCallGroup" preserve="nothing" serialized="true"/>
		<type fullname="UnityEngine.Events.PersistentListenerMode" preserve="nothing" serialized="true"/>
		<type fullname="UnityEngine.RectOffset" preserve="nothing" serialized="true"/>
	</assembly>
	<assembly fullname="UnityEngine.TextCoreFontEngineModule">
		<type fullname="UnityEngine.TextCore.FaceInfo" preserve="nothing" serialized="true"/>
		<type fullname="UnityEngine.TextCore.Glyph" preserve="nothing" serialized="true"/>
		<type fullname="UnityEngine.TextCore.GlyphMetrics" preserve="nothing" serialized="true"/>
		<type fullname="UnityEngine.TextCore.GlyphRect" preserve="nothing" serialized="true"/>
	</assembly>
	<assembly fullname="UnityEngine.UI">
		<type fullname="UnityEngine.EventSystems.EventTrigger/Entry" preserve="nothing" serialized="true"/>
		<type fullname="UnityEngine.EventSystems.EventTrigger/TriggerEvent" preserve="nothing" serialized="true"/>
		<type fullname="UnityEngine.UI.AnimationTriggers" preserve="nothing" serialized="true"/>
		<type fullname="UnityEngine.UI.Button/ButtonClickedEvent" preserve="nothing" serialized="true"/>
		<type fullname="UnityEngine.UI.ColorBlock" preserve="nothing" serialized="true"/>
		<type fullname="UnityEngine.UI.FontData" preserve="nothing" serialized="true"/>
		<type fullname="UnityEngine.UI.MaskableGraphic/CullStateChangedEvent" preserve="nothing" serialized="true"/>
		<type fullname="UnityEngine.UI.Navigation" preserve="nothing" serialized="true"/>
		<type fullname="UnityEngine.UI.Scrollbar/ScrollEvent" preserve="nothing" serialized="true"/>
		<type fullname="UnityEngine.UI.ScrollRect/ScrollRectEvent" preserve="nothing" serialized="true"/>
		<type fullname="UnityEngine.UI.SpriteState" preserve="nothing" serialized="true"/>
		<type fullname="UnityEngine.UI.Toggle/ToggleEvent" preserve="nothing" serialized="true"/>
	</assembly>
</linker>
